"","name","label","concept"
"1","H1_001N"," !!Total:","OCCUPANCY STATUS"
"2","H1_002N"," !!Total:!!Occupied","OCCUPANCY STATUS"
"3","H1_003N"," !!Total:!!Vacant","OCCUPANCY STATUS"
"4","P1_001N"," !!Total:","RACE"
"5","P1_002N"," !!Total:!!Population of one race:","RACE"
"6","P1_003N"," !!Total:!!Population of one race:!!White alone","RACE"
"7","P1_004N"," !!Total:!!Population of one race:!!Black or African American alone","RACE"
"8","P1_005N"," !!Total:!!Population of one race:!!American Indian and Alaska Native alone","RACE"
"9","P1_006N"," !!Total:!!Population of one race:!!Asian alone","RACE"
"10","P1_007N"," !!Total:!!Population of one race:!!Native Hawaiian and Other Pacific Islander alone","RACE"
"11","P1_008N"," !!Total:!!Population of one race:!!Some Other Race alone","RACE"
"12","P1_009N"," !!Total:!!Population of two or more races:","RACE"
"13","P1_010N"," !!Total:!!Population of two or more races:!!Population of two races:","RACE"
"14","P1_011N"," !!Total:!!Population of two or more races:!!Population of two races:!!White; Black or African American","RACE"
"15","P1_012N"," !!Total:!!Population of two or more races:!!Population of two races:!!White; American Indian and Alaska Native","RACE"
"16","P1_013N"," !!Total:!!Population of two or more races:!!Population of two races:!!White; Asian","RACE"
"17","P1_014N"," !!Total:!!Population of two or more races:!!Population of two races:!!White; Native Hawaiian and Other Pacific Islander","RACE"
"18","P1_015N"," !!Total:!!Population of two or more races:!!Population of two races:!!White; Some Other Race","RACE"
"19","P1_016N"," !!Total:!!Population of two or more races:!!Population of two races:!!Black or African American; American Indian and Alaska Native","RACE"
"20","P1_017N"," !!Total:!!Population of two or more races:!!Population of two races:!!Black or African American; Asian","RACE"
"21","P1_018N"," !!Total:!!Population of two or more races:!!Population of two races:!!Black or African American; Native Hawaiian and Other Pacific Islander","RACE"
"22","P1_019N"," !!Total:!!Population of two or more races:!!Population of two races:!!Black or African American; Some Other Race","RACE"
"23","P1_020N"," !!Total:!!Population of two or more races:!!Population of two races:!!American Indian and Alaska Native; Asian","RACE"
"24","P1_021N"," !!Total:!!Population of two or more races:!!Population of two races:!!American Indian and Alaska Native; Native Hawaiian and Other Pacific Islander","RACE"
"25","P1_022N"," !!Total:!!Population of two or more races:!!Population of two races:!!American Indian and Alaska Native; Some Other Race","RACE"
"26","P1_023N"," !!Total:!!Population of two or more races:!!Population of two races:!!Asian; Native Hawaiian and Other Pacific Islander","RACE"
"27","P1_024N"," !!Total:!!Population of two or more races:!!Population of two races:!!Asian; Some Other Race","RACE"
"28","P1_025N"," !!Total:!!Population of two or more races:!!Population of two races:!!Native Hawaiian and Other Pacific Islander; Some Other Race","RACE"
"29","P1_026N"," !!Total:!!Population of two or more races:!!Population of three races:","RACE"
"30","P1_027N"," !!Total:!!Population of two or more races:!!Population of three races:!!White; Black or African American; American Indian and Alaska Native","RACE"
"31","P1_028N"," !!Total:!!Population of two or more races:!!Population of three races:!!White; Black or African American; Asian","RACE"
"32","P1_029N"," !!Total:!!Population of two or more races:!!Population of three races:!!White; Black or African American; Native Hawaiian and Other Pacific Islander","RACE"
"33","P1_030N"," !!Total:!!Population of two or more races:!!Population of three races:!!White; Black or African American; Some Other Race","RACE"
"34","P1_031N"," !!Total:!!Population of two or more races:!!Population of three races:!!White; American Indian and Alaska Native; Asian","RACE"
"35","P1_032N"," !!Total:!!Population of two or more races:!!Population of three races:!!White; American Indian and Alaska Native; Native Hawaiian and Other Pacific Islander","RACE"
"36","P1_033N"," !!Total:!!Population of two or more races:!!Population of three races:!!White; American Indian and Alaska Native; Some Other Race","RACE"
"37","P1_034N"," !!Total:!!Population of two or more races:!!Population of three races:!!White; Asian; Native Hawaiian and Other Pacific Islander","RACE"
"38","P1_035N"," !!Total:!!Population of two or more races:!!Population of three races:!!White; Asian; Some Other Race","RACE"
"39","P1_036N"," !!Total:!!Population of two or more races:!!Population of three races:!!White; Native Hawaiian and Other Pacific Islander; Some Other Race","RACE"
"40","P1_037N"," !!Total:!!Population of two or more races:!!Population of three races:!!Black or African American; American Indian and Alaska Native; Asian","RACE"
"41","P1_038N"," !!Total:!!Population of two or more races:!!Population of three races:!!Black or African American; American Indian and Alaska Native; Native Hawaiian and Other Pacific Islander","RACE"
"42","P1_039N"," !!Total:!!Population of two or more races:!!Population of three races:!!Black or African American; American Indian and Alaska Native; Some Other Race","RACE"
"43","P1_040N"," !!Total:!!Population of two or more races:!!Population of three races:!!Black or African American; Asian; Native Hawaiian and Other Pacific Islander","RACE"
"44","P1_041N"," !!Total:!!Population of two or more races:!!Population of three races:!!Black or African American; Asian; Some Other Race","RACE"
"45","P1_042N"," !!Total:!!Population of two or more races:!!Population of three races:!!Black or African American; Native Hawaiian and Other Pacific Islander; Some Other Race","RACE"
"46","P1_043N"," !!Total:!!Population of two or more races:!!Population of three races:!!American Indian and Alaska Native; Asian; Native Hawaiian and Other Pacific Islander","RACE"
"47","P1_044N"," !!Total:!!Population of two or more races:!!Population of three races:!!American Indian and Alaska Native; Asian; Some Other Race","RACE"
"48","P1_045N"," !!Total:!!Population of two or more races:!!Population of three races:!!American Indian and Alaska Native; Native Hawaiian and Other Pacific Islander; Some Other Race","RACE"
"49","P1_046N"," !!Total:!!Population of two or more races:!!Population of three races:!!Asian; Native Hawaiian and Other Pacific Islander; Some Other Race","RACE"
"50","P1_047N"," !!Total:!!Population of two or more races:!!Population of four races:","RACE"
"51","P1_048N"," !!Total:!!Population of two or more races:!!Population of four races:!!White; Black or African American; American Indian and Alaska Native; Asian","RACE"
"52","P1_049N"," !!Total:!!Population of two or more races:!!Population of four races:!!White; Black or African American; American Indian and Alaska Native; Native Hawaiian and Other Pacific Islander","RACE"
"53","P1_050N"," !!Total:!!Population of two or more races:!!Population of four races:!!White; Black or African American; American Indian and Alaska Native; Some Other Race","RACE"
"54","P1_051N"," !!Total:!!Population of two or more races:!!Population of four races:!!White; Black or African American; Asian; Native Hawaiian and Other Pacific Islander","RACE"
"55","P1_052N"," !!Total:!!Population of two or more races:!!Population of four races:!!White; Black or African American; Asian; Some Other Race","RACE"
"56","P1_053N"," !!Total:!!Population of two or more races:!!Population of four races:!!White; Black or African American; Native Hawaiian and Other Pacific Islander; Some Other Race","RACE"
"57","P1_054N"," !!Total:!!Population of two or more races:!!Population of four races:!!White; American Indian and Alaska Native; Asian; Native Hawaiian and Other Pacific Islander","RACE"
"58","P1_055N"," !!Total:!!Population of two or more races:!!Population of four races:!!White; American Indian and Alaska Native; Asian; Some Other Race","RACE"
"59","P1_056N"," !!Total:!!Population of two or more races:!!Population of four races:!!White; American Indian and Alaska Native; Native Hawaiian and Other Pacific Islander; Some Other Race","RACE"
"60","P1_057N"," !!Total:!!Population of two or more races:!!Population of four races:!!White; Asian; Native Hawaiian and Other Pacific Islander; Some Other Race","RACE"
"61","P1_058N"," !!Total:!!Population of two or more races:!!Population of four races:!!Black or African American; American Indian and Alaska Native; Asian; Native Hawaiian and Other Pacific Islander","RACE"
"62","P1_059N"," !!Total:!!Population of two or more races:!!Population of four races:!!Black or African American; American Indian and Alaska Native; Asian; Some Other Race","RACE"
"63","P1_060N"," !!Total:!!Population of two or more races:!!Population of four races:!!Black or African American; American Indian and Alaska Native; Native Hawaiian and Other Pacific Islander; Some Other Race","RACE"
"64","P1_061N"," !!Total:!!Population of two or more races:!!Population of four races:!!Black or African American; Asian; Native Hawaiian and Other Pacific Islander; Some Other Race","RACE"
"65","P1_062N"," !!Total:!!Population of two or more races:!!Population of four races:!!American Indian and Alaska Native; Asian; Native Hawaiian and Other Pacific Islander; Some Other Race","RACE"
"66","P1_063N"," !!Total:!!Population of two or more races:!!Population of five races:","RACE"
"67","P1_064N"," !!Total:!!Population of two or more races:!!Population of five races:!!White; Black or African American; American Indian and Alaska Native; Asian; Native Hawaiian and Other Pacific Islander","RACE"
"68","P1_065N"," !!Total:!!Population of two or more races:!!Population of five races:!!White; Black or African American; American Indian and Alaska Native; Asian; Some Other Race","RACE"
"69","P1_066N"," !!Total:!!Population of two or more races:!!Population of five races:!!White; Black or African American; American Indian and Alaska Native; Native Hawaiian and Other Pacific Islander; Some Other Race","RACE"
"70","P1_067N"," !!Total:!!Population of two or more races:!!Population of five races:!!White; Black or African American; Asian; Native Hawaiian and Other Pacific Islander; Some Other Race","RACE"
"71","P1_068N"," !!Total:!!Population of two or more races:!!Population of five races:!!White; American Indian and Alaska Native; Asian; Native Hawaiian and Other Pacific Islander; Some Other Race","RACE"
"72","P1_069N"," !!Total:!!Population of two or more races:!!Population of five races:!!Black or African American; American Indian and Alaska Native; Asian; Native Hawaiian and Other Pacific Islander; Some Other Race","RACE"
"73","P1_070N"," !!Total:!!Population of two or more races:!!Population of six races:","RACE"
"74","P1_071N"," !!Total:!!Population of two or more races:!!Population of six races:!!White; Black or African American; American Indian and Alaska Native; Asian; Native Hawaiian and Other Pacific Islander; Some Other Race","RACE"
"75","P2_001N"," !!Total:","HISPANIC OR LATINO, AND NOT HISPANIC OR LATINO BY RACE"
"76","P2_002N"," !!Total:!!Hispanic or Latino","HISPANIC OR LATINO, AND NOT HISPANIC OR LATINO BY RACE"
"77","P2_003N"," !!Total:!!Not Hispanic or Latino:","HISPANIC OR LATINO, AND NOT HISPANIC OR LATINO BY RACE"
"78","P2_004N"," !!Total:!!Not Hispanic or Latino:!!Population of one race:","HISPANIC OR LATINO, AND NOT HISPANIC OR LATINO BY RACE"
"79","P2_005N"," !!Total:!!Not Hispanic or Latino:!!Population of one race:!!White alone","HISPANIC OR LATINO, AND NOT HISPANIC OR LATINO BY RACE"
"80","P2_006N"," !!Total:!!Not Hispanic or Latino:!!Population of one race:!!Black or African American alone","HISPANIC OR LATINO, AND NOT HISPANIC OR LATINO BY RACE"
"81","P2_007N"," !!Total:!!Not Hispanic or Latino:!!Population of one race:!!American Indian and Alaska Native alone","HISPANIC OR LATINO, AND NOT HISPANIC OR LATINO BY RACE"
"82","P2_008N"," !!Total:!!Not Hispanic or Latino:!!Population of one race:!!Asian alone","HISPANIC OR LATINO, AND NOT HISPANIC OR LATINO BY RACE"
"83","P2_009N"," !!Total:!!Not Hispanic or Latino:!!Population of one race:!!Native Hawaiian and Other Pacific Islander alone","HISPANIC OR LATINO, AND NOT HISPANIC OR LATINO BY RACE"
"84","P2_010N"," !!Total:!!Not Hispanic or Latino:!!Population of one race:!!Some Other Race alone","HISPANIC OR LATINO, AND NOT HISPANIC OR LATINO BY RACE"
"85","P2_011N"," !!Total:!!Not Hispanic or Latino:!!Population of two or more races:","HISPANIC OR LATINO, AND NOT HISPANIC OR LATINO BY RACE"
"86","P2_012N"," !!Total:!!Not Hispanic or Latino:!!Population of two or more races:!!Population of two races:","HISPANIC OR LATINO, AND NOT HISPANIC OR LATINO BY RACE"
"87","P2_013N"," !!Total:!!Not Hispanic or Latino:!!Population of two or more races:!!Population of two races:!!White; Black or African American","HISPANIC OR LATINO, AND NOT HISPANIC OR LATINO BY RACE"
"88","P2_014N"," !!Total:!!Not Hispanic or Latino:!!Population of two or more races:!!Population of two races:!!White; American Indian and Alaska Native","HISPANIC OR LATINO, AND NOT HISPANIC OR LATINO BY RACE"
"89","P2_015N"," !!Total:!!Not Hispanic or Latino:!!Population of two or more races:!!Population of two races:!!White; Asian","HISPANIC OR LATINO, AND NOT HISPANIC OR LATINO BY RACE"
"90","P2_016N"," !!Total:!!Not Hispanic or Latino:!!Population of two or more races:!!Population of two races:!!White; Native Hawaiian and Other Pacific Islander","HISPANIC OR LATINO, AND NOT HISPANIC OR LATINO BY RACE"
"91","P2_017N"," !!Total:!!Not Hispanic or Latino:!!Population of two or more races:!!Population of two races:!!White; Some Other Race","HISPANIC OR LATINO, AND NOT HISPANIC OR LATINO BY RACE"
"92","P2_018N"," !!Total:!!Not Hispanic or Latino:!!Population of two or more races:!!Population of two races:!!Black or African American; American Indian and Alaska Native","HISPANIC OR LATINO, AND NOT HISPANIC OR LATINO BY RACE"
"93","P2_019N"," !!Total:!!Not Hispanic or Latino:!!Population of two or more races:!!Population of two races:!!Black or African American; Asian","HISPANIC OR LATINO, AND NOT HISPANIC OR LATINO BY RACE"
"94","P2_020N"," !!Total:!!Not Hispanic or Latino:!!Population of two or more races:!!Population of two races:!!Black or African American; Native Hawaiian and Other Pacific Islander","HISPANIC OR LATINO, AND NOT HISPANIC OR LATINO BY RACE"
"95","P2_021N"," !!Total:!!Not Hispanic or Latino:!!Population of two or more races:!!Population of two races:!!Black or African American; Some Other Race","HISPANIC OR LATINO, AND NOT HISPANIC OR LATINO BY RACE"
"96","P2_022N"," !!Total:!!Not Hispanic or Latino:!!Population of two or more races:!!Population of two races:!!American Indian and Alaska Native; Asian","HISPANIC OR LATINO, AND NOT HISPANIC OR LATINO BY RACE"
"97","P2_023N"," !!Total:!!Not Hispanic or Latino:!!Population of two or more races:!!Population of two races:!!American Indian and Alaska Native; Native Hawaiian and Other Pacific Islander","HISPANIC OR LATINO, AND NOT HISPANIC OR LATINO BY RACE"
"98","P2_024N"," !!Total:!!Not Hispanic or Latino:!!Population of two or more races:!!Population of two races:!!American Indian and Alaska Native; Some Other Race","HISPANIC OR LATINO, AND NOT HISPANIC OR LATINO BY RACE"
"99","P2_025N"," !!Total:!!Not Hispanic or Latino:!!Population of two or more races:!!Population of two races:!!Asian; Native Hawaiian and Other Pacific Islander","HISPANIC OR LATINO, AND NOT HISPANIC OR LATINO BY RACE"
"100","P2_026N"," !!Total:!!Not Hispanic or Latino:!!Population of two or more races:!!Population of two races:!!Asian; Some Other Race","HISPANIC OR LATINO, AND NOT HISPANIC OR LATINO BY RACE"
"101","P2_027N"," !!Total:!!Not Hispanic or Latino:!!Population of two or more races:!!Population of two races:!!Native Hawaiian and Other Pacific Islander; Some Other Race","HISPANIC OR LATINO, AND NOT HISPANIC OR LATINO BY RACE"
"102","P2_028N"," !!Total:!!Not Hispanic or Latino:!!Population of two or more races:!!Population of three races:","HISPANIC OR LATINO, AND NOT HISPANIC OR LATINO BY RACE"
"103","P2_029N"," !!Total:!!Not Hispanic or Latino:!!Population of two or more races:!!Population of three races:!!White; Black or African American; American Indian and Alaska Native","HISPANIC OR LATINO, AND NOT HISPANIC OR LATINO BY RACE"
"104","P2_030N"," !!Total:!!Not Hispanic or Latino:!!Population of two or more races:!!Population of three races:!!White; Black or African American; Asian","HISPANIC OR LATINO, AND NOT HISPANIC OR LATINO BY RACE"
"105","P2_031N"," !!Total:!!Not Hispanic or Latino:!!Population of two or more races:!!Population of three races:!!White; Black or African American; Native Hawaiian and Other Pacific Islander","HISPANIC OR LATINO, AND NOT HISPANIC OR LATINO BY RACE"
"106","P2_032N"," !!Total:!!Not Hispanic or Latino:!!Population of two or more races:!!Population of three races:!!White; Black or African American; Some Other Race","HISPANIC OR LATINO, AND NOT HISPANIC OR LATINO BY RACE"
"107","P2_033N"," !!Total:!!Not Hispanic or Latino:!!Population of two or more races:!!Population of three races:!!White; American Indian and Alaska Native; Asian","HISPANIC OR LATINO, AND NOT HISPANIC OR LATINO BY RACE"
"108","P2_034N"," !!Total:!!Not Hispanic or Latino:!!Population of two or more races:!!Population of three races:!!White; American Indian and Alaska Native; Native Hawaiian and Other Pacific Islander","HISPANIC OR LATINO, AND NOT HISPANIC OR LATINO BY RACE"
"109","P2_035N"," !!Total:!!Not Hispanic or Latino:!!Population of two or more races:!!Population of three races:!!White; American Indian and Alaska Native; Some Other Race","HISPANIC OR LATINO, AND NOT HISPANIC OR LATINO BY RACE"
"110","P2_036N"," !!Total:!!Not Hispanic or Latino:!!Population of two or more races:!!Population of three races:!!White; Asian; Native Hawaiian and Other Pacific Islander","HISPANIC OR LATINO, AND NOT HISPANIC OR LATINO BY RACE"
"111","P2_037N"," !!Total:!!Not Hispanic or Latino:!!Population of two or more races:!!Population of three races:!!White; Asian; Some Other Race","HISPANIC OR LATINO, AND NOT HISPANIC OR LATINO BY RACE"
"112","P2_038N"," !!Total:!!Not Hispanic or Latino:!!Population of two or more races:!!Population of three races:!!White; Native Hawaiian and Other Pacific Islander; Some Other Race","HISPANIC OR LATINO, AND NOT HISPANIC OR LATINO BY RACE"
"113","P2_039N"," !!Total:!!Not Hispanic or Latino:!!Population of two or more races:!!Population of three races:!!Black or African American; American Indian and Alaska Native; Asian","HISPANIC OR LATINO, AND NOT HISPANIC OR LATINO BY RACE"
"114","P2_040N"," !!Total:!!Not Hispanic or Latino:!!Population of two or more races:!!Population of three races:!!Black or African American; American Indian and Alaska Native; Native Hawaiian and Other Pacific Islander","HISPANIC OR LATINO, AND NOT HISPANIC OR LATINO BY RACE"
"115","P2_041N"," !!Total:!!Not Hispanic or Latino:!!Population of two or more races:!!Population of three races:!!Black or African American; American Indian and Alaska Native; Some Other Race","HISPANIC OR LATINO, AND NOT HISPANIC OR LATINO BY RACE"
"116","P2_042N"," !!Total:!!Not Hispanic or Latino:!!Population of two or more races:!!Population of three races:!!Black or African American; Asian; Native Hawaiian and Other Pacific Islander","HISPANIC OR LATINO, AND NOT HISPANIC OR LATINO BY RACE"
"117","P2_043N"," !!Total:!!Not Hispanic or Latino:!!Population of two or more races:!!Population of three races:!!Black or African American; Asian; Some Other Race","HISPANIC OR LATINO, AND NOT HISPANIC OR LATINO BY RACE"
"118","P2_044N"," !!Total:!!Not Hispanic or Latino:!!Population of two or more races:!!Population of three races:!!Black or African American; Native Hawaiian and Other Pacific Islander; Some Other Race","HISPANIC OR LATINO, AND NOT HISPANIC OR LATINO BY RACE"
"119","P2_045N"," !!Total:!!Not Hispanic or Latino:!!Population of two or more races:!!Population of three races:!!American Indian and Alaska Native; Asian; Native Hawaiian and Other Pacific Islander","HISPANIC OR LATINO, AND NOT HISPANIC OR LATINO BY RACE"
"120","P2_046N"," !!Total:!!Not Hispanic or Latino:!!Population of two or more races:!!Population of three races:!!American Indian and Alaska Native; Asian; Some Other Race","HISPANIC OR LATINO, AND NOT HISPANIC OR LATINO BY RACE"
"121","P2_047N"," !!Total:!!Not Hispanic or Latino:!!Population of two or more races:!!Population of three races:!!American Indian and Alaska Native; Native Hawaiian and Other Pacific Islander; Some Other Race","HISPANIC OR LATINO, AND NOT HISPANIC OR LATINO BY RACE"
"122","P2_048N"," !!Total:!!Not Hispanic or Latino:!!Population of two or more races:!!Population of three races:!!Asian; Native Hawaiian and Other Pacific Islander; Some Other Race","HISPANIC OR LATINO, AND NOT HISPANIC OR LATINO BY RACE"
"123","P2_049N"," !!Total:!!Not Hispanic or Latino:!!Population of two or more races:!!Population of four races:","HISPANIC OR LATINO, AND NOT HISPANIC OR LATINO BY RACE"
"124","P2_050N"," !!Total:!!Not Hispanic or Latino:!!Population of two or more races:!!Population of four races:!!White; Black or African American; American Indian and Alaska Native; Asian","HISPANIC OR LATINO, AND NOT HISPANIC OR LATINO BY RACE"
"125","P2_051N"," !!Total:!!Not Hispanic or Latino:!!Population of two or more races:!!Population of four races:!!White; Black or African American; American Indian and Alaska Native; Native Hawaiian and Other Pacific Islander","HISPANIC OR LATINO, AND NOT HISPANIC OR LATINO BY RACE"
"126","P2_052N"," !!Total:!!Not Hispanic or Latino:!!Population of two or more races:!!Population of four races:!!White; Black or African American; American Indian and Alaska Native; Some Other Race","HISPANIC OR LATINO, AND NOT HISPANIC OR LATINO BY RACE"
"127","P2_053N"," !!Total:!!Not Hispanic or Latino:!!Population of two or more races:!!Population of four races:!!White; Black or African American; Asian; Native Hawaiian and Other Pacific Islander","HISPANIC OR LATINO, AND NOT HISPANIC OR LATINO BY RACE"
"128","P2_054N"," !!Total:!!Not Hispanic or Latino:!!Population of two or more races:!!Population of four races:!!White; Black or African American; Asian; Some Other Race","HISPANIC OR LATINO, AND NOT HISPANIC OR LATINO BY RACE"
"129","P2_055N"," !!Total:!!Not Hispanic or Latino:!!Population of two or more races:!!Population of four races:!!White; Black or African American; Native Hawaiian and Other Pacific Islander; Some Other Race","HISPANIC OR LATINO, AND NOT HISPANIC OR LATINO BY RACE"
"130","P2_056N"," !!Total:!!Not Hispanic or Latino:!!Population of two or more races:!!Population of four races:!!White; American Indian and Alaska Native; Asian; Native Hawaiian and Other Pacific Islander","HISPANIC OR LATINO, AND NOT HISPANIC OR LATINO BY RACE"
"131","P2_057N"," !!Total:!!Not Hispanic or Latino:!!Population of two or more races:!!Population of four races:!!White; American Indian and Alaska Native; Asian; Some Other Race","HISPANIC OR LATINO, AND NOT HISPANIC OR LATINO BY RACE"
"132","P2_058N"," !!Total:!!Not Hispanic or Latino:!!Population of two or more races:!!Population of four races:!!White; American Indian and Alaska Native; Native Hawaiian and Other Pacific Islander; Some Other Race","HISPANIC OR LATINO, AND NOT HISPANIC OR LATINO BY RACE"
"133","P2_059N"," !!Total:!!Not Hispanic or Latino:!!Population of two or more races:!!Population of four races:!!White; Asian; Native Hawaiian and Other Pacific Islander; Some Other Race","HISPANIC OR LATINO, AND NOT HISPANIC OR LATINO BY RACE"
"134","P2_060N"," !!Total:!!Not Hispanic or Latino:!!Population of two or more races:!!Population of four races:!!Black or African American; American Indian and Alaska Native; Asian; Native Hawaiian and Other Pacific Islander","HISPANIC OR LATINO, AND NOT HISPANIC OR LATINO BY RACE"
"135","P2_061N"," !!Total:!!Not Hispanic or Latino:!!Population of two or more races:!!Population of four races:!!Black or African American; American Indian and Alaska Native; Asian; Some Other Race","HISPANIC OR LATINO, AND NOT HISPANIC OR LATINO BY RACE"
"136","P2_062N"," !!Total:!!Not Hispanic or Latino:!!Population of two or more races:!!Population of four races:!!Black or African American; American Indian and Alaska Native; Native Hawaiian and Other Pacific Islander; Some Other Race","HISPANIC OR LATINO, AND NOT HISPANIC OR LATINO BY RACE"
"137","P2_063N"," !!Total:!!Not Hispanic or Latino:!!Population of two or more races:!!Population of four races:!!Black or African American; Asian; Native Hawaiian and Other Pacific Islander; Some Other Race","HISPANIC OR LATINO, AND NOT HISPANIC OR LATINO BY RACE"
"138","P2_064N"," !!Total:!!Not Hispanic or Latino:!!Population of two or more races:!!Population of four races:!!American Indian and Alaska Native; Asian; Native Hawaiian and Other Pacific Islander; Some Other Race","HISPANIC OR LATINO, AND NOT HISPANIC OR LATINO BY RACE"
"139","P2_065N"," !!Total:!!Not Hispanic or Latino:!!Population of two or more races:!!Population of five races:","HISPANIC OR LATINO, AND NOT HISPANIC OR LATINO BY RACE"
"140","P2_066N"," !!Total:!!Not Hispanic or Latino:!!Population of two or more races:!!Population of five races:!!White; Black or African American; American Indian and Alaska Native; Asian; Native Hawaiian and Other Pacific Islander","HISPANIC OR LATINO, AND NOT HISPANIC OR LATINO BY RACE"
"141","P2_067N"," !!Total:!!Not Hispanic or Latino:!!Population of two or more races:!!Population of five races:!!White; Black or African American; American Indian and Alaska Native; Asian; Some Other Race","HISPANIC OR LATINO, AND NOT HISPANIC OR LATINO BY RACE"
"142","P2_068N"," !!Total:!!Not Hispanic or Latino:!!Population of two or more races:!!Population of five races:!!White; Black or African American; American Indian and Alaska Native; Native Hawaiian and Other Pacific Islander; Some Other Race","HISPANIC OR LATINO, AND NOT HISPANIC OR LATINO BY RACE"
"143","P2_069N"," !!Total:!!Not Hispanic or Latino:!!Population of two or more races:!!Population of five races:!!White; Black or African American; Asian; Native Hawaiian and Other Pacific Islander; Some Other Race","HISPANIC OR LATINO, AND NOT HISPANIC OR LATINO BY RACE"
"144","P2_070N"," !!Total:!!Not Hispanic or Latino:!!Population of two or more races:!!Population of five races:!!White; American Indian and Alaska Native; Asian; Native Hawaiian and Other Pacific Islander; Some Other Race","HISPANIC OR LATINO, AND NOT HISPANIC OR LATINO BY RACE"
"145","P2_071N"," !!Total:!!Not Hispanic or Latino:!!Population of two or more races:!!Population of five races:!!Black or African American; American Indian and Alaska Native; Asian; Native Hawaiian and Other Pacific Islander; Some Other Race","HISPANIC OR LATINO, AND NOT HISPANIC OR LATINO BY RACE"
"146","P2_072N"," !!Total:!!Not Hispanic or Latino:!!Population of two or more races:!!Population of six races:","HISPANIC OR LATINO, AND NOT HISPANIC OR LATINO BY RACE"
"147","P2_073N"," !!Total:!!Not Hispanic or Latino:!!Population of two or more races:!!Population of six races:!!White; Black or African American; American Indian and Alaska Native; Asian; Native Hawaiian and Other Pacific Islander; Some Other Race","HISPANIC OR LATINO, AND NOT HISPANIC OR LATINO BY RACE"
"148","P3_001N"," !!Total:","RACE FOR THE POPULATION 18 YEARS AND OVER"
"149","P3_002N"," !!Total:!!Population of one race:","RACE FOR THE POPULATION 18 YEARS AND OVER"
"150","P3_003N"," !!Total:!!Population of one race:!!White alone","RACE FOR THE POPULATION 18 YEARS AND OVER"
"151","P3_004N"," !!Total:!!Population of one race:!!Black or African American alone","RACE FOR THE POPULATION 18 YEARS AND OVER"
"152","P3_005N"," !!Total:!!Population of one race:!!American Indian and Alaska Native alone","RACE FOR THE POPULATION 18 YEARS AND OVER"
"153","P3_006N"," !!Total:!!Population of one race:!!Asian alone","RACE FOR THE POPULATION 18 YEARS AND OVER"
"154","P3_007N"," !!Total:!!Population of one race:!!Native Hawaiian and Other Pacific Islander alone","RACE FOR THE POPULATION 18 YEARS AND OVER"
"155","P3_008N"," !!Total:!!Population of one race:!!Some Other Race alone","RACE FOR THE POPULATION 18 YEARS AND OVER"
"156","P3_009N"," !!Total:!!Population of two or more races:","RACE FOR THE POPULATION 18 YEARS AND OVER"
"157","P3_010N"," !!Total:!!Population of two or more races:!!Population of two races:","RACE FOR THE POPULATION 18 YEARS AND OVER"
"158","P3_011N"," !!Total:!!Population of two or more races:!!Population of two races:!!White; Black or African American","RACE FOR THE POPULATION 18 YEARS AND OVER"
"159","P3_012N"," !!Total:!!Population of two or more races:!!Population of two races:!!White; American Indian and Alaska Native","RACE FOR THE POPULATION 18 YEARS AND OVER"
"160","P3_013N"," !!Total:!!Population of two or more races:!!Population of two races:!!White; Asian","RACE FOR THE POPULATION 18 YEARS AND OVER"
"161","P3_014N"," !!Total:!!Population of two or more races:!!Population of two races:!!White; Native Hawaiian and Other Pacific Islander","RACE FOR THE POPULATION 18 YEARS AND OVER"
"162","P3_015N"," !!Total:!!Population of two or more races:!!Population of two races:!!White; Some Other Race","RACE FOR THE POPULATION 18 YEARS AND OVER"
"163","P3_016N"," !!Total:!!Population of two or more races:!!Population of two races:!!Black or African American; American Indian and Alaska Native","RACE FOR THE POPULATION 18 YEARS AND OVER"
"164","P3_017N"," !!Total:!!Population of two or more races:!!Population of two races:!!Black or African American; Asian","RACE FOR THE POPULATION 18 YEARS AND OVER"
"165","P3_018N"," !!Total:!!Population of two or more races:!!Population of two races:!!Black or African American; Native Hawaiian and Other Pacific Islander","RACE FOR THE POPULATION 18 YEARS AND OVER"
"166","P3_019N"," !!Total:!!Population of two or more races:!!Population of two races:!!Black or African American; Some Other Race","RACE FOR THE POPULATION 18 YEARS AND OVER"
"167","P3_020N"," !!Total:!!Population of two or more races:!!Population of two races:!!American Indian and Alaska Native; Asian","RACE FOR THE POPULATION 18 YEARS AND OVER"
"168","P3_021N"," !!Total:!!Population of two or more races:!!Population of two races:!!American Indian and Alaska Native; Native Hawaiian and Other Pacific Islander","RACE FOR THE POPULATION 18 YEARS AND OVER"
"169","P3_022N"," !!Total:!!Population of two or more races:!!Population of two races:!!American Indian and Alaska Native; Some Other Race","RACE FOR THE POPULATION 18 YEARS AND OVER"
"170","P3_023N"," !!Total:!!Population of two or more races:!!Population of two races:!!Asian; Native Hawaiian and Other Pacific Islander","RACE FOR THE POPULATION 18 YEARS AND OVER"
"171","P3_024N"," !!Total:!!Population of two or more races:!!Population of two races:!!Asian; Some Other Race","RACE FOR THE POPULATION 18 YEARS AND OVER"
"172","P3_025N"," !!Total:!!Population of two or more races:!!Population of two races:!!Native Hawaiian and Other Pacific Islander; Some Other Race","RACE FOR THE POPULATION 18 YEARS AND OVER"
"173","P3_026N"," !!Total:!!Population of two or more races:!!Population of three races:","RACE FOR THE POPULATION 18 YEARS AND OVER"
"174","P3_027N"," !!Total:!!Population of two or more races:!!Population of three races:!!White; Black or African American; American Indian and Alaska Native","RACE FOR THE POPULATION 18 YEARS AND OVER"
"175","P3_028N"," !!Total:!!Population of two or more races:!!Population of three races:!!White; Black or African American; Asian","RACE FOR THE POPULATION 18 YEARS AND OVER"
"176","P3_029N"," !!Total:!!Population of two or more races:!!Population of three races:!!White; Black or African American; Native Hawaiian and Other Pacific Islander","RACE FOR THE POPULATION 18 YEARS AND OVER"
"177","P3_030N"," !!Total:!!Population of two or more races:!!Population of three races:!!White; Black or African American; Some Other Race","RACE FOR THE POPULATION 18 YEARS AND OVER"
"178","P3_031N"," !!Total:!!Population of two or more races:!!Population of three races:!!White; American Indian and Alaska Native; Asian","RACE FOR THE POPULATION 18 YEARS AND OVER"
"179","P3_032N"," !!Total:!!Population of two or more races:!!Population of three races:!!White; American Indian and Alaska Native; Native Hawaiian and Other Pacific Islander","RACE FOR THE POPULATION 18 YEARS AND OVER"
"180","P3_033N"," !!Total:!!Population of two or more races:!!Population of three races:!!White; American Indian and Alaska Native; Some Other Race","RACE FOR THE POPULATION 18 YEARS AND OVER"
"181","P3_034N"," !!Total:!!Population of two or more races:!!Population of three races:!!White; Asian; Native Hawaiian and Other Pacific Islander","RACE FOR THE POPULATION 18 YEARS AND OVER"
"182","P3_035N"," !!Total:!!Population of two or more races:!!Population of three races:!!White; Asian; Some Other Race","RACE FOR THE POPULATION 18 YEARS AND OVER"
"183","P3_036N"," !!Total:!!Population of two or more races:!!Population of three races:!!White; Native Hawaiian and Other Pacific Islander; Some Other Race","RACE FOR THE POPULATION 18 YEARS AND OVER"
"184","P3_037N"," !!Total:!!Population of two or more races:!!Population of three races:!!Black or African American; American Indian and Alaska Native; Asian","RACE FOR THE POPULATION 18 YEARS AND OVER"
"185","P3_038N"," !!Total:!!Population of two or more races:!!Population of three races:!!Black or African American; American Indian and Alaska Native; Native Hawaiian and Other Pacific Islander","RACE FOR THE POPULATION 18 YEARS AND OVER"
"186","P3_039N"," !!Total:!!Population of two or more races:!!Population of three races:!!Black or African American; American Indian and Alaska Native; Some Other Race","RACE FOR THE POPULATION 18 YEARS AND OVER"
"187","P3_040N"," !!Total:!!Population of two or more races:!!Population of three races:!!Black or African American; Asian; Native Hawaiian and Other Pacific Islander","RACE FOR THE POPULATION 18 YEARS AND OVER"
"188","P3_041N"," !!Total:!!Population of two or more races:!!Population of three races:!!Black or African American; Asian; Some Other Race","RACE FOR THE POPULATION 18 YEARS AND OVER"
"189","P3_042N"," !!Total:!!Population of two or more races:!!Population of three races:!!Black or African American; Native Hawaiian and Other Pacific Islander; Some Other Race","RACE FOR THE POPULATION 18 YEARS AND OVER"
"190","P3_043N"," !!Total:!!Population of two or more races:!!Population of three races:!!American Indian and Alaska Native; Asian; Native Hawaiian and Other Pacific Islander","RACE FOR THE POPULATION 18 YEARS AND OVER"
"191","P3_044N"," !!Total:!!Population of two or more races:!!Population of three races:!!American Indian and Alaska Native; Asian; Some Other Race","RACE FOR THE POPULATION 18 YEARS AND OVER"
"192","P3_045N"," !!Total:!!Population of two or more races:!!Population of three races:!!American Indian and Alaska Native; Native Hawaiian and Other Pacific Islander; Some Other Race","RACE FOR THE POPULATION 18 YEARS AND OVER"
"193","P3_046N"," !!Total:!!Population of two or more races:!!Population of three races:!!Asian; Native Hawaiian and Other Pacific Islander; Some Other Race","RACE FOR THE POPULATION 18 YEARS AND OVER"
"194","P3_047N"," !!Total:!!Population of two or more races:!!Population of four races:","RACE FOR THE POPULATION 18 YEARS AND OVER"
"195","P3_048N"," !!Total:!!Population of two or more races:!!Population of four races:!!White; Black or African American; American Indian and Alaska Native; Asian","RACE FOR THE POPULATION 18 YEARS AND OVER"
"196","P3_049N"," !!Total:!!Population of two or more races:!!Population of four races:!!White; Black or African American; American Indian and Alaska Native; Native Hawaiian and Other Pacific Islander","RACE FOR THE POPULATION 18 YEARS AND OVER"
"197","P3_050N"," !!Total:!!Population of two or more races:!!Population of four races:!!White; Black or African American; American Indian and Alaska Native; Some Other Race","RACE FOR THE POPULATION 18 YEARS AND OVER"
"198","P3_051N"," !!Total:!!Population of two or more races:!!Population of four races:!!White; Black or African American; Asian; Native Hawaiian and Other Pacific Islander","RACE FOR THE POPULATION 18 YEARS AND OVER"
"199","P3_052N"," !!Total:!!Population of two or more races:!!Population of four races:!!White; Black or African American; Asian; Some Other Race","RACE FOR THE POPULATION 18 YEARS AND OVER"
"200","P3_053N"," !!Total:!!Population of two or more races:!!Population of four races:!!White; Black or African American; Native Hawaiian and Other Pacific Islander; Some Other Race","RACE FOR THE POPULATION 18 YEARS AND OVER"
"201","P3_054N"," !!Total:!!Population of two or more races:!!Population of four races:!!White; American Indian and Alaska Native; Asian; Native Hawaiian and Other Pacific Islander","RACE FOR THE POPULATION 18 YEARS AND OVER"
"202","P3_055N"," !!Total:!!Population of two or more races:!!Population of four races:!!White; American Indian and Alaska Native; Asian; Some Other Race","RACE FOR THE POPULATION 18 YEARS AND OVER"
"203","P3_056N"," !!Total:!!Population of two or more races:!!Population of four races:!!White; American Indian and Alaska Native; Native Hawaiian and Other Pacific Islander; Some Other Race","RACE FOR THE POPULATION 18 YEARS AND OVER"
"204","P3_057N"," !!Total:!!Population of two or more races:!!Population of four races:!!White; Asian; Native Hawaiian and Other Pacific Islander; Some Other Race","RACE FOR THE POPULATION 18 YEARS AND OVER"
"205","P3_058N"," !!Total:!!Population of two or more races:!!Population of four races:!!Black or African American; American Indian and Alaska Native; Asian; Native Hawaiian and Other Pacific Islander","RACE FOR THE POPULATION 18 YEARS AND OVER"
"206","P3_059N"," !!Total:!!Population of two or more races:!!Population of four races:!!Black or African American; American Indian and Alaska Native; Asian; Some Other Race","RACE FOR THE POPULATION 18 YEARS AND OVER"
"207","P3_060N"," !!Total:!!Population of two or more races:!!Population of four races:!!Black or African American; American Indian and Alaska Native; Native Hawaiian and Other Pacific Islander; Some Other Race","RACE FOR THE POPULATION 18 YEARS AND OVER"
"208","P3_061N"," !!Total:!!Population of two or more races:!!Population of four races:!!Black or African American; Asian; Native Hawaiian and Other Pacific Islander; Some Other Race","RACE FOR THE POPULATION 18 YEARS AND OVER"
"209","P3_062N"," !!Total:!!Population of two or more races:!!Population of four races:!!American Indian and Alaska Native; Asian; Native Hawaiian and Other Pacific Islander; Some Other Race","RACE FOR THE POPULATION 18 YEARS AND OVER"
"210","P3_063N"," !!Total:!!Population of two or more races:!!Population of five races:","RACE FOR THE POPULATION 18 YEARS AND OVER"
"211","P3_064N"," !!Total:!!Population of two or more races:!!Population of five races:!!White; Black or African American; American Indian and Alaska Native; Asian; Native Hawaiian and Other Pacific Islander","RACE FOR THE POPULATION 18 YEARS AND OVER"
"212","P3_065N"," !!Total:!!Population of two or more races:!!Population of five races:!!White; Black or African American; American Indian and Alaska Native; Asian; Some Other Race","RACE FOR THE POPULATION 18 YEARS AND OVER"
"213","P3_066N"," !!Total:!!Population of two or more races:!!Population of five races:!!White; Black or African American; American Indian and Alaska Native; Native Hawaiian and Other Pacific Islander; Some Other Race","RACE FOR THE POPULATION 18 YEARS AND OVER"
"214","P3_067N"," !!Total:!!Population of two or more races:!!Population of five races:!!White; Black or African American; Asian; Native Hawaiian and Other Pacific Islander; Some Other Race","RACE FOR THE POPULATION 18 YEARS AND OVER"
"215","P3_068N"," !!Total:!!Population of two or more races:!!Population of five races:!!White; American Indian and Alaska Native; Asian; Native Hawaiian and Other Pacific Islander; Some Other Race","RACE FOR THE POPULATION 18 YEARS AND OVER"
"216","P3_069N"," !!Total:!!Population of two or more races:!!Population of five races:!!Black or African American; American Indian and Alaska Native; Asian; Native Hawaiian and Other Pacific Islander; Some Other Race","RACE FOR THE POPULATION 18 YEARS AND OVER"
"217","P3_070N"," !!Total:!!Population of two or more races:!!Population of six races:","RACE FOR THE POPULATION 18 YEARS AND OVER"
"218","P3_071N"," !!Total:!!Population of two or more races:!!Population of six races:!!White; Black or African American; American Indian and Alaska Native; Asian; Native Hawaiian and Other Pacific Islander; Some Other Race","RACE FOR THE POPULATION 18 YEARS AND OVER"
"219","P4_001N"," !!Total:","HISPANIC OR LATINO, AND NOT HISPANIC OR LATINO BY RACE FOR THE POPULATION 18 YEARS AND OVER"
"220","P4_002N"," !!Total:!!Hispanic or Latino","HISPANIC OR LATINO, AND NOT HISPANIC OR LATINO BY RACE FOR THE POPULATION 18 YEARS AND OVER"
"221","P4_003N"," !!Total:!!Not Hispanic or Latino:","HISPANIC OR LATINO, AND NOT HISPANIC OR LATINO BY RACE FOR THE POPULATION 18 YEARS AND OVER"
"222","P4_004N"," !!Total:!!Not Hispanic or Latino:!!Population of one race:","HISPANIC OR LATINO, AND NOT HISPANIC OR LATINO BY RACE FOR THE POPULATION 18 YEARS AND OVER"
"223","P4_005N"," !!Total:!!Not Hispanic or Latino:!!Population of one race:!!White alone","HISPANIC OR LATINO, AND NOT HISPANIC OR LATINO BY RACE FOR THE POPULATION 18 YEARS AND OVER"
"224","P4_006N"," !!Total:!!Not Hispanic or Latino:!!Population of one race:!!Black or African American alone","HISPANIC OR LATINO, AND NOT HISPANIC OR LATINO BY RACE FOR THE POPULATION 18 YEARS AND OVER"
"225","P4_007N"," !!Total:!!Not Hispanic or Latino:!!Population of one race:!!American Indian and Alaska Native alone","HISPANIC OR LATINO, AND NOT HISPANIC OR LATINO BY RACE FOR THE POPULATION 18 YEARS AND OVER"
"226","P4_008N"," !!Total:!!Not Hispanic or Latino:!!Population of one race:!!Asian alone","HISPANIC OR LATINO, AND NOT HISPANIC OR LATINO BY RACE FOR THE POPULATION 18 YEARS AND OVER"
"227","P4_009N"," !!Total:!!Not Hispanic or Latino:!!Population of one race:!!Native Hawaiian and Other Pacific Islander alone","HISPANIC OR LATINO, AND NOT HISPANIC OR LATINO BY RACE FOR THE POPULATION 18 YEARS AND OVER"
"228","P4_010N"," !!Total:!!Not Hispanic or Latino:!!Population of one race:!!Some Other Race alone","HISPANIC OR LATINO, AND NOT HISPANIC OR LATINO BY RACE FOR THE POPULATION 18 YEARS AND OVER"
"229","P4_011N"," !!Total:!!Not Hispanic or Latino:!!Population of two or more races:","HISPANIC OR LATINO, AND NOT HISPANIC OR LATINO BY RACE FOR THE POPULATION 18 YEARS AND OVER"
"230","P4_012N"," !!Total:!!Not Hispanic or Latino:!!Population of two or more races:!!Population of two races:","HISPANIC OR LATINO, AND NOT HISPANIC OR LATINO BY RACE FOR THE POPULATION 18 YEARS AND OVER"
"231","P4_013N"," !!Total:!!Not Hispanic or Latino:!!Population of two or more races:!!Population of two races:!!White; Black or African American","HISPANIC OR LATINO, AND NOT HISPANIC OR LATINO BY RACE FOR THE POPULATION 18 YEARS AND OVER"
"232","P4_014N"," !!Total:!!Not Hispanic or Latino:!!Population of two or more races:!!Population of two races:!!White; American Indian and Alaska Native","HISPANIC OR LATINO, AND NOT HISPANIC OR LATINO BY RACE FOR THE POPULATION 18 YEARS AND OVER"
"233","P4_015N"," !!Total:!!Not Hispanic or Latino:!!Population of two or more races:!!Population of two races:!!White; Asian","HISPANIC OR LATINO, AND NOT HISPANIC OR LATINO BY RACE FOR THE POPULATION 18 YEARS AND OVER"
"234","P4_016N"," !!Total:!!Not Hispanic or Latino:!!Population of two or more races:!!Population of two races:!!White; Native Hawaiian and Other Pacific Islander","HISPANIC OR LATINO, AND NOT HISPANIC OR LATINO BY RACE FOR THE POPULATION 18 YEARS AND OVER"
"235","P4_017N"," !!Total:!!Not Hispanic or Latino:!!Population of two or more races:!!Population of two races:!!White; Some Other Race","HISPANIC OR LATINO, AND NOT HISPANIC OR LATINO BY RACE FOR THE POPULATION 18 YEARS AND OVER"
"236","P4_018N"," !!Total:!!Not Hispanic or Latino:!!Population of two or more races:!!Population of two races:!!Black or African American; American Indian and Alaska Native","HISPANIC OR LATINO, AND NOT HISPANIC OR LATINO BY RACE FOR THE POPULATION 18 YEARS AND OVER"
"237","P4_019N"," !!Total:!!Not Hispanic or Latino:!!Population of two or more races:!!Population of two races:!!Black or African American; Asian","HISPANIC OR LATINO, AND NOT HISPANIC OR LATINO BY RACE FOR THE POPULATION 18 YEARS AND OVER"
"238","P4_020N"," !!Total:!!Not Hispanic or Latino:!!Population of two or more races:!!Population of two races:!!Black or African American; Native Hawaiian and Other Pacific Islander","HISPANIC OR LATINO, AND NOT HISPANIC OR LATINO BY RACE FOR THE POPULATION 18 YEARS AND OVER"
"239","P4_021N"," !!Total:!!Not Hispanic or Latino:!!Population of two or more races:!!Population of two races:!!Black or African American; Some Other Race","HISPANIC OR LATINO, AND NOT HISPANIC OR LATINO BY RACE FOR THE POPULATION 18 YEARS AND OVER"
"240","P4_022N"," !!Total:!!Not Hispanic or Latino:!!Population of two or more races:!!Population of two races:!!American Indian and Alaska Native; Asian","HISPANIC OR LATINO, AND NOT HISPANIC OR LATINO BY RACE FOR THE POPULATION 18 YEARS AND OVER"
"241","P4_023N"," !!Total:!!Not Hispanic or Latino:!!Population of two or more races:!!Population of two races:!!American Indian and Alaska Native; Native Hawaiian and Other Pacific Islander","HISPANIC OR LATINO, AND NOT HISPANIC OR LATINO BY RACE FOR THE POPULATION 18 YEARS AND OVER"
"242","P4_024N"," !!Total:!!Not Hispanic or Latino:!!Population of two or more races:!!Population of two races:!!American Indian and Alaska Native; Some Other Race","HISPANIC OR LATINO, AND NOT HISPANIC OR LATINO BY RACE FOR THE POPULATION 18 YEARS AND OVER"
"243","P4_025N"," !!Total:!!Not Hispanic or Latino:!!Population of two or more races:!!Population of two races:!!Asian; Native Hawaiian and Other Pacific Islander","HISPANIC OR LATINO, AND NOT HISPANIC OR LATINO BY RACE FOR THE POPULATION 18 YEARS AND OVER"
"244","P4_026N"," !!Total:!!Not Hispanic or Latino:!!Population of two or more races:!!Population of two races:!!Asian; Some Other Race","HISPANIC OR LATINO, AND NOT HISPANIC OR LATINO BY RACE FOR THE POPULATION 18 YEARS AND OVER"
"245","P4_027N"," !!Total:!!Not Hispanic or Latino:!!Population of two or more races:!!Population of two races:!!Native Hawaiian and Other Pacific Islander; Some Other Race","HISPANIC OR LATINO, AND NOT HISPANIC OR LATINO BY RACE FOR THE POPULATION 18 YEARS AND OVER"
"246","P4_028N"," !!Total:!!Not Hispanic or Latino:!!Population of two or more races:!!Population of three races:","HISPANIC OR LATINO, AND NOT HISPANIC OR LATINO BY RACE FOR THE POPULATION 18 YEARS AND OVER"
"247","P4_029N"," !!Total:!!Not Hispanic or Latino:!!Population of two or more races:!!Population of three races:!!White; Black or African American; American Indian and Alaska Native","HISPANIC OR LATINO, AND NOT HISPANIC OR LATINO BY RACE FOR THE POPULATION 18 YEARS AND OVER"
"248","P4_030N"," !!Total:!!Not Hispanic or Latino:!!Population of two or more races:!!Population of three races:!!White; Black or African American; Asian","HISPANIC OR LATINO, AND NOT HISPANIC OR LATINO BY RACE FOR THE POPULATION 18 YEARS AND OVER"
"249","P4_031N"," !!Total:!!Not Hispanic or Latino:!!Population of two or more races:!!Population of three races:!!White; Black or African American; Native Hawaiian and Other Pacific Islander","HISPANIC OR LATINO, AND NOT HISPANIC OR LATINO BY RACE FOR THE POPULATION 18 YEARS AND OVER"
"250","P4_032N"," !!Total:!!Not Hispanic or Latino:!!Population of two or more races:!!Population of three races:!!White; Black or African American; Some Other Race","HISPANIC OR LATINO, AND NOT HISPANIC OR LATINO BY RACE FOR THE POPULATION 18 YEARS AND OVER"
"251","P4_033N"," !!Total:!!Not Hispanic or Latino:!!Population of two or more races:!!Population of three races:!!White; American Indian and Alaska Native; Asian","HISPANIC OR LATINO, AND NOT HISPANIC OR LATINO BY RACE FOR THE POPULATION 18 YEARS AND OVER"
"252","P4_034N"," !!Total:!!Not Hispanic or Latino:!!Population of two or more races:!!Population of three races:!!White; American Indian and Alaska Native; Native Hawaiian and Other Pacific Islander","HISPANIC OR LATINO, AND NOT HISPANIC OR LATINO BY RACE FOR THE POPULATION 18 YEARS AND OVER"
"253","P4_035N"," !!Total:!!Not Hispanic or Latino:!!Population of two or more races:!!Population of three races:!!White; American Indian and Alaska Native; Some Other Race","HISPANIC OR LATINO, AND NOT HISPANIC OR LATINO BY RACE FOR THE POPULATION 18 YEARS AND OVER"
"254","P4_036N"," !!Total:!!Not Hispanic or Latino:!!Population of two or more races:!!Population of three races:!!White; Asian; Native Hawaiian and Other Pacific Islander","HISPANIC OR LATINO, AND NOT HISPANIC OR LATINO BY RACE FOR THE POPULATION 18 YEARS AND OVER"
"255","P4_037N"," !!Total:!!Not Hispanic or Latino:!!Population of two or more races:!!Population of three races:!!White; Asian; Some Other Race","HISPANIC OR LATINO, AND NOT HISPANIC OR LATINO BY RACE FOR THE POPULATION 18 YEARS AND OVER"
"256","P4_038N"," !!Total:!!Not Hispanic or Latino:!!Population of two or more races:!!Population of three races:!!White; Native Hawaiian and Other Pacific Islander; Some Other Race","HISPANIC OR LATINO, AND NOT HISPANIC OR LATINO BY RACE FOR THE POPULATION 18 YEARS AND OVER"
"257","P4_039N"," !!Total:!!Not Hispanic or Latino:!!Population of two or more races:!!Population of three races:!!Black or African American; American Indian and Alaska Native; Asian","HISPANIC OR LATINO, AND NOT HISPANIC OR LATINO BY RACE FOR THE POPULATION 18 YEARS AND OVER"
"258","P4_040N"," !!Total:!!Not Hispanic or Latino:!!Population of two or more races:!!Population of three races:!!Black or African American; American Indian and Alaska Native; Native Hawaiian and Other Pacific Islander","HISPANIC OR LATINO, AND NOT HISPANIC OR LATINO BY RACE FOR THE POPULATION 18 YEARS AND OVER"
"259","P4_041N"," !!Total:!!Not Hispanic or Latino:!!Population of two or more races:!!Population of three races:!!Black or African American; American Indian and Alaska Native; Some Other Race","HISPANIC OR LATINO, AND NOT HISPANIC OR LATINO BY RACE FOR THE POPULATION 18 YEARS AND OVER"
"260","P4_042N"," !!Total:!!Not Hispanic or Latino:!!Population of two or more races:!!Population of three races:!!Black or African American; Asian; Native Hawaiian and Other Pacific Islander","HISPANIC OR LATINO, AND NOT HISPANIC OR LATINO BY RACE FOR THE POPULATION 18 YEARS AND OVER"
"261","P4_043N"," !!Total:!!Not Hispanic or Latino:!!Population of two or more races:!!Population of three races:!!Black or African American; Asian; Some Other Race","HISPANIC OR LATINO, AND NOT HISPANIC OR LATINO BY RACE FOR THE POPULATION 18 YEARS AND OVER"
"262","P4_044N"," !!Total:!!Not Hispanic or Latino:!!Population of two or more races:!!Population of three races:!!Black or African American; Native Hawaiian and Other Pacific Islander; Some Other Race","HISPANIC OR LATINO, AND NOT HISPANIC OR LATINO BY RACE FOR THE POPULATION 18 YEARS AND OVER"
"263","P4_045N"," !!Total:!!Not Hispanic or Latino:!!Population of two or more races:!!Population of three races:!!American Indian and Alaska Native; Asian; Native Hawaiian and Other Pacific Islander","HISPANIC OR LATINO, AND NOT HISPANIC OR LATINO BY RACE FOR THE POPULATION 18 YEARS AND OVER"
"264","P4_046N"," !!Total:!!Not Hispanic or Latino:!!Population of two or more races:!!Population of three races:!!American Indian and Alaska Native; Asian; Some Other Race","HISPANIC OR LATINO, AND NOT HISPANIC OR LATINO BY RACE FOR THE POPULATION 18 YEARS AND OVER"
"265","P4_047N"," !!Total:!!Not Hispanic or Latino:!!Population of two or more races:!!Population of three races:!!American Indian and Alaska Native; Native Hawaiian and Other Pacific Islander; Some Other Race","HISPANIC OR LATINO, AND NOT HISPANIC OR LATINO BY RACE FOR THE POPULATION 18 YEARS AND OVER"
"266","P4_048N"," !!Total:!!Not Hispanic or Latino:!!Population of two or more races:!!Population of three races:!!Asian; Native Hawaiian and Other Pacific Islander; Some Other Race","HISPANIC OR LATINO, AND NOT HISPANIC OR LATINO BY RACE FOR THE POPULATION 18 YEARS AND OVER"
"267","P4_049N"," !!Total:!!Not Hispanic or Latino:!!Population of two or more races:!!Population of four races:","HISPANIC OR LATINO, AND NOT HISPANIC OR LATINO BY RACE FOR THE POPULATION 18 YEARS AND OVER"
"268","P4_050N"," !!Total:!!Not Hispanic or Latino:!!Population of two or more races:!!Population of four races:!!White; Black or African American; American Indian and Alaska Native; Asian","HISPANIC OR LATINO, AND NOT HISPANIC OR LATINO BY RACE FOR THE POPULATION 18 YEARS AND OVER"
"269","P4_051N"," !!Total:!!Not Hispanic or Latino:!!Population of two or more races:!!Population of four races:!!White; Black or African American; American Indian and Alaska Native; Native Hawaiian and Other Pacific Islander","HISPANIC OR LATINO, AND NOT HISPANIC OR LATINO BY RACE FOR THE POPULATION 18 YEARS AND OVER"
"270","P4_052N"," !!Total:!!Not Hispanic or Latino:!!Population of two or more races:!!Population of four races:!!White; Black or African American; American Indian and Alaska Native; Some Other Race","HISPANIC OR LATINO, AND NOT HISPANIC OR LATINO BY RACE FOR THE POPULATION 18 YEARS AND OVER"
"271","P4_053N"," !!Total:!!Not Hispanic or Latino:!!Population of two or more races:!!Population of four races:!!White; Black or African American; Asian; Native Hawaiian and Other Pacific Islander","HISPANIC OR LATINO, AND NOT HISPANIC OR LATINO BY RACE FOR THE POPULATION 18 YEARS AND OVER"
"272","P4_054N"," !!Total:!!Not Hispanic or Latino:!!Population of two or more races:!!Population of four races:!!White; Black or African American; Asian; Some Other Race","HISPANIC OR LATINO, AND NOT HISPANIC OR LATINO BY RACE FOR THE POPULATION 18 YEARS AND OVER"
"273","P4_055N"," !!Total:!!Not Hispanic or Latino:!!Population of two or more races:!!Population of four races:!!White; Black or African American; Native Hawaiian and Other Pacific Islander; Some Other Race","HISPANIC OR LATINO, AND NOT HISPANIC OR LATINO BY RACE FOR THE POPULATION 18 YEARS AND OVER"
"274","P4_056N"," !!Total:!!Not Hispanic or Latino:!!Population of two or more races:!!Population of four races:!!White; American Indian and Alaska Native; Asian; Native Hawaiian and Other Pacific Islander","HISPANIC OR LATINO, AND NOT HISPANIC OR LATINO BY RACE FOR THE POPULATION 18 YEARS AND OVER"
"275","P4_057N"," !!Total:!!Not Hispanic or Latino:!!Population of two or more races:!!Population of four races:!!White; American Indian and Alaska Native; Asian; Some Other Race","HISPANIC OR LATINO, AND NOT HISPANIC OR LATINO BY RACE FOR THE POPULATION 18 YEARS AND OVER"
"276","P4_058N"," !!Total:!!Not Hispanic or Latino:!!Population of two or more races:!!Population of four races:!!White; American Indian and Alaska Native; Native Hawaiian and Other Pacific Islander; Some Other Race","HISPANIC OR LATINO, AND NOT HISPANIC OR LATINO BY RACE FOR THE POPULATION 18 YEARS AND OVER"
"277","P4_059N"," !!Total:!!Not Hispanic or Latino:!!Population of two or more races:!!Population of four races:!!White; Asian; Native Hawaiian and Other Pacific Islander; Some Other Race","HISPANIC OR LATINO, AND NOT HISPANIC OR LATINO BY RACE FOR THE POPULATION 18 YEARS AND OVER"
"278","P4_060N"," !!Total:!!Not Hispanic or Latino:!!Population of two or more races:!!Population of four races:!!Black or African American; American Indian and Alaska Native; Asian; Native Hawaiian and Other Pacific Islander","HISPANIC OR LATINO, AND NOT HISPANIC OR LATINO BY RACE FOR THE POPULATION 18 YEARS AND OVER"
"279","P4_061N"," !!Total:!!Not Hispanic or Latino:!!Population of two or more races:!!Population of four races:!!Black or African American; American Indian and Alaska Native; Asian; Some Other Race","HISPANIC OR LATINO, AND NOT HISPANIC OR LATINO BY RACE FOR THE POPULATION 18 YEARS AND OVER"
"280","P4_062N"," !!Total:!!Not Hispanic or Latino:!!Population of two or more races:!!Population of four races:!!Black or African American; American Indian and Alaska Native; Native Hawaiian and Other Pacific Islander; Some Other Race","HISPANIC OR LATINO, AND NOT HISPANIC OR LATINO BY RACE FOR THE POPULATION 18 YEARS AND OVER"
"281","P4_063N"," !!Total:!!Not Hispanic or Latino:!!Population of two or more races:!!Population of four races:!!Black or African American; Asian; Native Hawaiian and Other Pacific Islander; Some Other Race","HISPANIC OR LATINO, AND NOT HISPANIC OR LATINO BY RACE FOR THE POPULATION 18 YEARS AND OVER"
"282","P4_064N"," !!Total:!!Not Hispanic or Latino:!!Population of two or more races:!!Population of four races:!!American Indian and Alaska Native; Asian; Native Hawaiian and Other Pacific Islander; Some Other Race","HISPANIC OR LATINO, AND NOT HISPANIC OR LATINO BY RACE FOR THE POPULATION 18 YEARS AND OVER"
"283","P4_065N"," !!Total:!!Not Hispanic or Latino:!!Population of two or more races:!!Population of five races:","HISPANIC OR LATINO, AND NOT HISPANIC OR LATINO BY RACE FOR THE POPULATION 18 YEARS AND OVER"
"284","P4_066N"," !!Total:!!Not Hispanic or Latino:!!Population of two or more races:!!Population of five races:!!White; Black or African American; American Indian and Alaska Native; Asian; Native Hawaiian and Other Pacific Islander","HISPANIC OR LATINO, AND NOT HISPANIC OR LATINO BY RACE FOR THE POPULATION 18 YEARS AND OVER"
"285","P4_067N"," !!Total:!!Not Hispanic or Latino:!!Population of two or more races:!!Population of five races:!!White; Black or African American; American Indian and Alaska Native; Asian; Some Other Race","HISPANIC OR LATINO, AND NOT HISPANIC OR LATINO BY RACE FOR THE POPULATION 18 YEARS AND OVER"
"286","P4_068N"," !!Total:!!Not Hispanic or Latino:!!Population of two or more races:!!Population of five races:!!White; Black or African American; American Indian and Alaska Native; Native Hawaiian and Other Pacific Islander; Some Other Race","HISPANIC OR LATINO, AND NOT HISPANIC OR LATINO BY RACE FOR THE POPULATION 18 YEARS AND OVER"
"287","P4_069N"," !!Total:!!Not Hispanic or Latino:!!Population of two or more races:!!Population of five races:!!White; Black or African American; Asian; Native Hawaiian and Other Pacific Islander; Some Other Race","HISPANIC OR LATINO, AND NOT HISPANIC OR LATINO BY RACE FOR THE POPULATION 18 YEARS AND OVER"
"288","P4_070N"," !!Total:!!Not Hispanic or Latino:!!Population of two or more races:!!Population of five races:!!White; American Indian and Alaska Native; Asian; Native Hawaiian and Other Pacific Islander; Some Other Race","HISPANIC OR LATINO, AND NOT HISPANIC OR LATINO BY RACE FOR THE POPULATION 18 YEARS AND OVER"
"289","P4_071N"," !!Total:!!Not Hispanic or Latino:!!Population of two or more races:!!Population of five races:!!Black or African American; American Indian and Alaska Native; Asian; Native Hawaiian and Other Pacific Islander; Some Other Race","HISPANIC OR LATINO, AND NOT HISPANIC OR LATINO BY RACE FOR THE POPULATION 18 YEARS AND OVER"
"290","P4_072N"," !!Total:!!Not Hispanic or Latino:!!Population of two or more races:!!Population of six races:","HISPANIC OR LATINO, AND NOT HISPANIC OR LATINO BY RACE FOR THE POPULATION 18 YEARS AND OVER"
"291","P4_073N"," !!Total:!!Not Hispanic or Latino:!!Population of two or more races:!!Population of six races:!!White; Black or African American; American Indian and Alaska Native; Asian; Native Hawaiian and Other Pacific Islander; Some Other Race","HISPANIC OR LATINO, AND NOT HISPANIC OR LATINO BY RACE FOR THE POPULATION 18 YEARS AND OVER"
"292","P5_001N"," !!Total:","GROUP QUARTERS POPULATION BY MAJOR GROUP QUARTERS TYPE"
"293","P5_002N"," !!Total:!!Institutionalized population:","GROUP QUARTERS POPULATION BY MAJOR GROUP QUARTERS TYPE"
"294","P5_003N"," !!Total:!!Institutionalized population:!!Correctional facilities for adults","GROUP QUARTERS POPULATION BY MAJOR GROUP QUARTERS TYPE"
"295","P5_004N"," !!Total:!!Institutionalized population:!!Juvenile facilities","GROUP QUARTERS POPULATION BY MAJOR GROUP QUARTERS TYPE"
"296","P5_005N"," !!Total:!!Institutionalized population:!!Nursing facilities/Skilled-nursing facilities","GROUP QUARTERS POPULATION BY MAJOR GROUP QUARTERS TYPE"
"297","P5_006N"," !!Total:!!Institutionalized population:!!Other institutional facilities","GROUP QUARTERS POPULATION BY MAJOR GROUP QUARTERS TYPE"
"298","P5_007N"," !!Total:!!Noninstitutionalized population:","GROUP QUARTERS POPULATION BY MAJOR GROUP QUARTERS TYPE"
"299","P5_008N"," !!Total:!!Noninstitutionalized population:!!College/University student housing","GROUP QUARTERS POPULATION BY MAJOR GROUP QUARTERS TYPE"
"300","P5_009N"," !!Total:!!Noninstitutionalized population:!!Military quarters","GROUP QUARTERS POPULATION BY MAJOR GROUP QUARTERS TYPE"
"301","P5_010N"," !!Total:!!Noninstitutionalized population:!!Other noninstitutional facilities","GROUP QUARTERS POPULATION BY MAJOR GROUP QUARTERS TYPE"
